accuracy,precision,recall,f1,roc_auc,pr_auc,confusion_matrix
0.975,0.9585798816568047,0.9878048780487805,0.972972972972973,0.9986933797909409,0.9984729917799233,"[[189, 7], [2, 162]]"
