model,f1_mean
LRN,0.8881483511241928
RFS,0.94435994964508
XGB,0.9565203123006173
LGB,0.9578856749024363
