model,f1
Baseline(MLP),0.9846072990388718
Tuned(LGB),0.9670275492159389
